{
  "CriticalTemperature": 0.0,
  "CriticalPressure": 0.0,
  "AcentricFactor": 0.0,
  "Type": "flexible",
  "pseudoAtoms": [
    [ "opls_135", [ -1.649, -1.476, 0.0 ] ],
    [ "opls_140", [ -1.292, -2.485, 0.0 ] ],
    [ "opls_140", [ -1.292, -0.972, -0.874 ] ],
    [ "opls_140", [ -2.719, -1.476, 0.0 ] ],
    [ "opls_280", [ -1.135, -0.75, 1.257 ] ],
    [ "opls_281", [ -1.407, 0.424, 1.492 ] ],
    [ "opls_135", [ -0.259, -1.595, 2.201 ] ],
    [ "opls_140", [ -0.819, -2.439, 2.547 ] ],
    [ "opls_140", [ 0.608, -1.934, 1.674 ] ],
    [ "opls_140", [ 0.042, -0.999, 3.037 ] ]
  ],
  "Connectivity": [
    [ 1, 0 ],
    [ 2, 0 ],
    [ 3, 0 ],
    [ 4, 0 ],
    [ 5, 4 ],
    [ 4, 4 ],
    [ 7, 6 ],
    [ 8, 6 ],
    [ 9, 6 ]
  ],
  "Bonds": [
    [ [ "opls_140", "opls_135" ], "HARMONIC", [ 342189.3, 1.09 ] ],
    [ [ "opls_280", "opls_135" ], "HARMONIC", [ 319041.2, 1.522 ] ],
    [ [ "opls_281", "opls_280" ], "HARMONIC", [ 573670.3, 1.229 ] ],
    [ [ "opls_280", "opls_280" ], "HARMONIC", [ 319041.2, 1.522 ] ]
  ],
  "Bends": [
    [ [ "opls_135", "opls_280", "opls_281" ], "HARMONIC", [ 80515.1, 120.4 ] ],
    [ [ "opls_135", "opls_280", "opls_135" ], "HARMONIC", [ 70450.7, 116.0 ] ],
    [ [ "opls_140", "opls_135", "opls_140" ], "HARMONIC", [ 33212.5, 107.8 ] ],
    [ [ "opls_140", "opls_135", "opls_280" ], "HARMONIC", [ 69444.3, 109.8 ] ]
  ],
  "Torsions": [
    [ [ "opls_135", "opls_280", "opls_135", "opls_140" ], "SIX_COSINE", [ 69.19269, 207.57807, 0.0, -276.77076, 0.0, 0.0 ] ],
    [ [ "opls_140", "opls_135", "opls_280", "opls_281" ], "SIX_COSINE", [ 0.0, 0.0, 0.0, 0.0, 0.0, 0.0 ] ]
  ],
  "VanDerWaals": "auto"
}